phase,train_episode,eval_episode,mean_glucose,time_in_range_percent,hypo_count,severe_hyper_count,total_insulin_units,total_reward
eval,49,0,349.76031045986497,6.25,0,254,0.0,-2532.0
eval,49,1,314.4542437773655,2.7777777777777777,0,219,0.0,-2231.0
eval,49,2,83.51712503042123,47.91666666666667,72,0,50.0,-2375.0
eval,99,0,166.4820335492758,62.15277777777778,0,0,1475.6,46.43999999999998
eval,99,1,288.0018754611517,19.09722222222222,0,158,2044.8000000000002,-1788.4800000000002
eval,99,2,207.7422336525344,47.91666666666667,0,39,1728.0,-505.79999999999995
