phase,train_episode,eval_episode,mean_glucose,time_in_range_percent,hypo_steps,hypo_events,severe_hyper_steps,severe_hyper_events,total_bolus_units,total_basal_units,total_insulin_units,sum_zone_reward,sum_insulin_penalty,total_reward,action_0_count,action_1_count,action_2_count,action_3_count,action_4_count
eval,24,0,176.78030282683233,46.18055555555556,2,2,0,0,3365.3,23.47926199261993,3388.77926199262,-96.0,-336.53,-432.53,18,1,0,0,269
eval,24,1,225.02259571240018,20.13888888888889,0,0,8,2,3575.0,23.47926199261993,3598.4792619926197,-260.0,-357.5,-617.5,2,0,0,0,286
eval,49,0,70.40257838258302,23.26388888888889,156,21,0,0,3526.5,23.47926199261993,3549.9792619926197,-3648.0,-352.65,-4000.65,0,0,0,15,273
eval,49,1,83.71178799873998,54.513888888888886,83,10,0,0,3345.2,23.47926199261993,3368.6792619926196,-2475.0,-334.52,-2809.52,0,0,0,52,236
